name,url
Matteo Fortini,https://github.com/mfortini
Iltempe,https://github.com/iltempe
Antonio Vivace,https://github.com/avivace
Timothy Redaelli,https://github.com/drizzt
Vincenzo Tilotta,https://github.com/tailot
olistik,https://github.com/olistik
Albertopi78,https://github.com/Albertopi78
Alessandro Cipriani,https://github.com/magiaslab
Andrei Ciulpan,https://github.com/Jolsty
Francesco Pinzauti,https://github.com/Pinzauti
Donato Rimenti,https://github.com/aurasphere
abonte,https://github.com/abonte
Chiara,https://github.com/chiccap
Andrea Borruso,
Chiara Parapini,
Cristina Galasso,
Donata Columbro,
Marieva Favoino,
luciaroma,
Saraveg,
