url,id,updated_at,created_at,title,lat,lon,labels,milestone,image,data,body,state
https://github.com/emergenzeHack/covid19italia_segnalazioni/issues/151,579227697,2020-03-11 12:36:11,2020-03-11 12:26:41,Supporto psicologico gratuito #Palermo,,,"[""Supporto psicologico"", ""accettato"", ""form""]",,,{},"```
Cosa: 'Supporto psicologico #Palermo'
Descrizione: ""Buongiorno a tutte/i, sono una psicologa psicoterapeuta di Palermo e,\
  \ volendo mettere a disposizione il mio aiuto, mi rendo disponibile gratuitamente\
  \ per un contatto telefonico per chiunque senta il bisogno di un aiuto psicologico.\
  \ Stiamo affrontando un momento di vita extra-ordinario e ci\xF2 immancabilmente\
  \ ci espone con pi\xF9 facilit\xE0 ad ansie e paure, tutto ci\xF2 \xE8 comprensibile\
  \ ma \xE8 anche superabile.\nPotete contattarmi al \u27A1\uFE0F3356952503\u2B05\uFE0F\
  \n\nDott.ssa Giovanna Schittino""
Destinatari: tutti
Indirizzo: 38.116188 13.362091 0 0
Telefono: '3356952503'
```",open
https://github.com/emergenzeHack/covid19italia_segnalazioni/issues/150,579202630,2020-03-11 11:46:24,2020-03-11 11:41:58,Rafforzamento servizio di Taxi sociale per anziani #Adelfia (BA),,,"[""Servizi e iniziative solidali pubbliche"", ""accettato""]",,,{},"chi: 'Comune di Adelfia'
comune: Adelfia
contatti: '3448609617'
descrizione: ""Il Comune di Adelfia ha rafforzato il servizio di Taxi sociale per anziani per over 65 in situazioni di fragilità senza reti familiari per approvvigionamento beni prima necessità""
destinatari: Over 65
fonte: 'https://www.comune.adelfia.gov.it/2020/03/10/avviso-servizio-taxi-per-lanziano/'
provincia: Bari
regione: Puglia
tag: Servizi e iniziative solidali pubbliche",open
https://github.com/emergenzeHack/covid19italia_segnalazioni/issues/149,579179471,2020-03-11 11:49:01,2020-03-11 11:01:28,Spesa a domicilio #SanLeo (RN),,,"[""Consegne e commissioni"", ""accettato"", ""form""]",,,{},"```
Cosa: ""Spesa a domicilio generi di prima necessit\xE0""
Email: coopfermentileontine@gmail.com
Link: http://www.guidasanleo.it/spesaadomicilio/?fbclid=IwAR3RVDFOB7ECFHTuSmSbyK1aBxM1vaPvaUkWi0-IN9KISwVVONuETaJwEUY
Telefono: 333 6918097
```",open
https://github.com/emergenzeHack/covid19italia_segnalazioni/issues/148,579172426,2020-03-11 11:32:25,2020-03-11 10:49:51,Consegne a domicilio #Biccari (FG),,,"[""Consegne e commissioni"", ""accettato"", ""form""]",,,{},"```
Cosa: ""Consegna a domicilio beni di prima necessit\xE0 e commissioni urgenti""
Email: coopbiccari@gmail.com
Indirizzo: 45.487319 9.179513 0 7018
Link: https://www.coopbiccari.it/?fbclid=IwAR1WHixd6HwTJeCOqWVMGuWnjs9v2RsvY27ws9vDT883cSu2w3-bQDS-mfY
Telefono: '3713365864'
```",open
https://github.com/emergenzeHack/covid19italia_segnalazioni/issues/147,579169325,2020-03-11 11:43:06,2020-03-11 10:45:02,Raccolta fondi per ospedale #Senigallia,,,"[""Raccolte fondi"", ""accettato"", ""form""]",,,{},"```
Descrizione: Raccolta fondi per Ospedale di Senigallia
Link: https://www.gofundme.com/f/coronavirus-terapia-intensiva-senigallia?utm_source=whatsapp&utm_medium=chat&utm_campaign=p_cf+share-flow-1
Nome: Rotaract Club Senigallia
```",open
https://github.com/emergenzeHack/covid19italia_segnalazioni/issues/146,579114701,2020-03-11 11:30:16,2020-03-11 09:16:45,Cineteca di #Milano ha reso gratuito catalogo film in streaming,,,"[""Attivit\u00e0 culturali e ricreative"", ""accettato""]",,,{},"```
Cosa: Catalogo di film in streaming gratuiti
Descrizione: ""La Fondazione Cineteca di Milano ha reso gratuito il catalogo in streaming\
  \ dei film. \xC8 sufficiente registrarsi.""
Link: https://www.cinetecamilano.it/biblioteca
```",open
https://github.com/emergenzeHack/covid19italia_segnalazioni/issues/145,578926092,2020-03-11 11:37:57,2020-03-10 23:53:54,Raccolta fondi per aiutare ospedali a #Bologna,,,"[""Raccolte fondi"", ""accettato""]",,,"{""chi"": ""Fondazione Policlinico Santa Orsola"", ""comune"": ""Bologna"", ""contatti"": """", ""descrizione"": ""Raccolta fondi per aiutare concretamente le persone che lavorano negli ospedali di Bologna."", ""destinatari"": ""Personale ospedaliero"", ""fonte"": ""https://www.fondazionesantorsola.it/progetti/piu-forti-insieme/"", ""provincia"": ""Bologna"", ""regione"": ""Emilia-Romagna"", ""tag"": ""Raccolta fondi""}","<pre><yamldata>chi: ""Fondazione Policlinico Santa Orsola""
comune: Bologna
contatti: ''
descrizione: Raccolta fondi per aiutare concretamente le persone che lavorano negli ospedali di Bologna.
destinatari: Personale ospedaliero
fonte: https://www.fondazionesantorsola.it/progetti/piu-forti-insieme/
provincia: Bologna
regione: Emilia-Romagna
tag: Raccolta fondi
</yamldata></pre>",open
https://github.com/emergenzeHack/covid19italia_segnalazioni/issues/144,578926086,2020-03-11 10:58:35,2020-03-10 23:53:53,Raccolta fondi Ospedale Sacco #Milano,,,"[""Raccolte fondi"", ""accettato""]",,,{},"<pre><yamldata>chi: Ospedale Sacco
comune: 'Milano’
contatti: ''
descrizione: Raccolta fondi Ospedale Sacco Milano
destinatari: Tutti
fonte: https://www.asst-fbf-sacco.it/news/info/sostegno-economico-per-emergenza-covid-19
provincia: Milano
regione: Lombardia
tag: Raccolta fondi
</yamldata></pre>",open
https://github.com/emergenzeHack/covid19italia_segnalazioni/issues/143,578926081,2020-03-11 10:59:26,2020-03-10 23:53:52,Raccolta fondi per ospedali #Brescia,,,"[""Raccolte fondi"", ""accettato""]",,,"{""chi"": ""Fondazione Comunit\u00e0 Bresciana Onlus"", ""comune"": ""Brescia"", ""contatti"": """", ""descrizione"": ""Raccolta fondi per ospedali bresciani"", ""destinatari"": ""Tutti"", ""fonte"": ""https://www.giornaledibrescia.it/brescia-e-hinterland/aiutiamobrescia-la-raccolta-fondi-per-gli-ospedali-bresciani-1.3465790"", ""provincia"": ""Brescia"", ""regione"": ""Lombardia"", ""tag"": ""Raccolta fondi""}","<pre><yamldata>chi: ""Fondazione Comunit\xE0 Bresciana Onlus""
comune: Brescia
contatti: ''
descrizione: Raccolta fondi per ospedali bresciani
destinatari: Tutti
fonte: https://www.giornaledibrescia.it/brescia-e-hinterland/aiutiamobrescia-la-raccolta-fondi-per-gli-ospedali-bresciani-1.3465790
provincia: Brescia
regione: Lombardia
tag: Raccolta fondi
</yamldata></pre>",open
https://github.com/emergenzeHack/covid19italia_segnalazioni/issues/142,578926074,2020-03-11 11:01:20,2020-03-10 23:53:51,Raccolta fondi per acquisto materiali e dispositivi ospedali provincia di #Brescia,,,"[""Raccolte fondi"", ""accettato""]",,,"{""chi"": ""Fondazione Spedali Civili Brescia"", ""comune"": ""Brescia"", ""contatti"": """", ""descrizione"": ""Raccolta fondi per acquistare per i presidi e tutti gli ospedali della provincia di Brescia materiali e dispositivi necessari alla cura dei pazienti colpiti da coronavirus."", ""destinatari"": ""Tutti"", ""fonte"": ""http://www.fondazionespedalicivili.it/2020/03/09/raccolta-donazioni-per-emergenza-coronavirus-brescia/"", ""provincia"": ""Brescia"", ""regione"": ""Lombardia"", ""tag"": ""Raccolta fondi""}","<pre><yamldata>chi: Fondazione Spedali Civili Brescia
comune: Brescia
contatti: ''
descrizione: Raccolta fondi per acquistare per i presidi e tutti gli ospedali della provincia di Brescia materiali e dispositivi necessari alla cura dei pazienti colpiti da coronavirus.
destinatari: Tutti
fonte: http://www.fondazionespedalicivili.it/2020/03/09/raccolta-donazioni-per-emergenza-coronavirus-brescia/
provincia: Brescia
regione: Lombardia
tag: Raccolta fondi
</yamldata></pre>",open
https://github.com/emergenzeHack/covid19italia_segnalazioni/issues/141,578926065,2020-03-11 11:02:14,2020-03-10 23:53:50,Raccolta fondi Ospedale Papa Giovanni XXIII #Bergamo,,,"[""Raccolte fondi"", ""accettato""]",,,"{""chi"": ""Ospedale Papa Giovanni XXIII"", ""comune"": ""Bergamo"", ""contatti"": """", ""descrizione"": ""Raccolta fondi per Ospedale Papa Giovanni XXIII di Bergamo"", ""destinatari"": ""Tutti"", ""fonte"": ""http://www.asst-pg23.it/2020/03/_emergenza_coronavirus_come_aiutarci/"", ""provincia"": ""Bergamo"", ""regione"": ""Lombardia"", ""tag"": ""Raccolta fondi""}","<pre><yamldata>chi: Ospedale Papa Giovanni XXIII
comune: Bergamo
contatti: ''
descrizione: Raccolta fondi per Ospedale Papa Giovanni XXIII di Bergamo
destinatari: Tutti
fonte: http://www.asst-pg23.it/2020/03/_emergenza_coronavirus_come_aiutarci/
provincia: Bergamo
regione: Lombardia
tag: Raccolta fondi
</yamldata></pre>",open
https://github.com/emergenzeHack/covid19italia_segnalazioni/issues/140,578926062,2020-03-11 11:03:01,2020-03-10 23:53:49,Raccolta fondi Regione #Lombardia per aziende ospedaliere,,,"[""Raccolte fondi"", ""accettato""]",,,"{""chi"": ""Regione Lombardia"", ""comune"": ""Milano "", ""contatti"": """", ""descrizione"": ""Raccolta fondi aziende ospedaliere lombarde"", ""destinatari"": ""Tutti"", ""fonte"": ""https://www.lombardianotizie.online/coronavirus-conto-corrente/"", ""provincia"": ""Milano"", ""regione"": ""Lombardia"", ""tag"": ""Raccolta fondi""}","<pre><yamldata>chi: Regione Lombardia
comune: 'Milano '
contatti: ''
descrizione: Raccolta fondi aziende ospedaliere lombarde
destinatari: Tutti
fonte: https://www.lombardianotizie.online/coronavirus-conto-corrente/
provincia: Milano
regione: Lombardia
tag: Raccolta fondi
</yamldata></pre>",open
https://github.com/emergenzeHack/covid19italia_segnalazioni/issues/139,578926059,2020-03-11 11:03:49,2020-03-10 23:53:48,Raccolta fondi per Ospedale Maggiore Policlinico di #Milano ,,,"[""Raccolte fondi"", ""accettato""]",,,"{""chi"": ""Ospedale Maggiore Policlinico"", ""comune"": ""Milano "", ""contatti"": """", ""descrizione"": ""Raccolta Fondi Ospedale Maggiore Policlinico"", ""destinatari"": ""Tutt"", ""fonte"": ""https://www.policlinico.mi.it/donazioni-lotta-al-coronavirus"", ""provincia"": ""Milano"", ""regione"": ""Lombardia"", ""tag"": ""Raccolta fondi""}","<pre><yamldata>chi: Ospedale Maggiore Policlinico
comune: 'Milano '
contatti: ''
descrizione: Raccolta Fondi Ospedale Maggiore Policlinico
destinatari: Tutt
fonte: https://www.policlinico.mi.it/donazioni-lotta-al-coronavirus
provincia: Milano
regione: Lombardia
tag: Raccolta fondi
</yamldata></pre>",open
https://github.com/emergenzeHack/covid19italia_segnalazioni/issues/138,578926057,2020-03-11 11:04:20,2020-03-10 23:53:47,Raccolta fondi IRCCS San Raffaele di #Milano,,,"[""Raccolte fondi"", ""accettato""]",,,"{""chi"": ""Ospedale San Raffaele"", ""comune"": ""Milano "", ""contatti"": """", ""descrizione"": ""Raccolta fondi IRCCS San Raffaele"", ""destinatari"": ""Tutti"", ""fonte"": ""https://register.hsr.it/donazioni/donazione.aspx"", ""provincia"": ""Milano"", ""regione"": ""Lombardia"", ""tag"": ""Raccolta fondi""}","<pre><yamldata>chi: Ospedale San Raffaele
comune: 'Milano '
contatti: ''
descrizione: Raccolta fondi IRCCS San Raffaele
destinatari: Tutti
fonte: https://register.hsr.it/donazioni/donazione.aspx
provincia: Milano
regione: Lombardia
tag: Raccolta fondi
</yamldata></pre>",open
https://github.com/emergenzeHack/covid19italia_segnalazioni/issues/137,578926052,2020-03-10 23:57:42,2020-03-10 23:53:46,"Traduzione in arabo, urdu, bengalese, spagnolo, francese e inglese dei decreti",,,"[""Servizi e iniziative solidali private"", ""accettato""]",,,"{""chi"": ""associazione Diritti per tutti"", ""comune"": ""Brescia"", ""contatti"": """", ""descrizione"": ""Traduzione in arabo, urdu, bengalese, spagnolo, francese e inglese dei decreti"", ""destinatari"": ""Stranieri"", ""fonte"": ""http://www.vita.it/it/article/2020/03/10/decreto-coronavirus-le-traduzioni-in-arabo-urdu-e-bengalese/154350/"", ""provincia"": ""Brescia"", ""regione"": ""Lombardia"", ""tag"": ""Servizi e iniziative solidali private""}","<pre><yamldata>chi: associazione Diritti per tutti
comune: Brescia
contatti: ''
descrizione: Traduzione in arabo, urdu, bengalese, spagnolo, francese e inglese dei
  decreti
destinatari: Stranieri
fonte: http://www.vita.it/it/article/2020/03/10/decreto-coronavirus-le-traduzioni-in-arabo-urdu-e-bengalese/154350/
provincia: Brescia
regione: Lombardia
tag: Servizi e iniziative solidali private
</yamldata></pre>",open
https://github.com/emergenzeHack/covid19italia_segnalazioni/issues/136,578926047,2020-03-10 23:56:09,2020-03-10 23:53:46,Spesa a domicilio per anziani,,,"[""Consegne e commissioni"", ""accettato""]",,,"{""chi"": ""CSV"", ""comune"": ""Catanzaro"", ""contatti"": ""0961-790647 - info@csvcatanzaro.it"", ""descrizione"": ""Spesa a domicilio per anziani"", ""destinatari"": ""anziani over 65"", ""fonte"": ""https://www.comune.catanzaro.it/covid-19-concolino-insieme-a-csv-servizio-spesa-a-domicilio-per-over-75/?fbclid=IwAR3ZvwupnzgnW3p_rjGNnwqClc_jY1iWiYXq9m7dSRXYpZtqVPosm6slVSY"", ""provincia"": ""Catanzaro"", ""regione"": ""Calabria"", ""tag"": ""Consegne e commissioni""}","<pre><yamldata>chi: CSV
comune: Catanzaro
contatti: 0961-790647 - info@csvcatanzaro.it
descrizione: Spesa a domicilio per anziani
destinatari: anziani over 65
fonte: https://www.comune.catanzaro.it/covid-19-concolino-insieme-a-csv-servizio-spesa-a-domicilio-per-over-75/?fbclid=IwAR3ZvwupnzgnW3p_rjGNnwqClc_jY1iWiYXq9m7dSRXYpZtqVPosm6slVSY
provincia: Catanzaro
regione: Calabria
tag: Consegne e commissioni
</yamldata></pre>",open
https://github.com/emergenzeHack/covid19italia_segnalazioni/issues/135,578926045,2020-03-10 23:56:08,2020-03-10 23:53:45,Spesa a domicilio per anziani,,,"[""Consegne e commissioni"", ""accettato""]",,,"{""chi"": ""Circolo Arci Sprawasser"", ""comune"": ""Roma"", ""contatti"": ""3917274709"", ""descrizione"": ""Spesa a domicilio per anziani"", ""destinatari"": ""anziani over 65"", ""fonte"": ""http://pigneto.romatoday.it/pigneto/progetto-spesa-anziani-sparwasser.html?fbclid=IwAR3V67Tp7IdHQ7EXfZPVrSm9j-76Hfny5rY5pzqqN4FXODN_vJXviCcEUqY"", ""provincia"": ""Roma"", ""regione"": ""Lazio"", ""tag"": ""Consegne e commissioni""}","<pre><yamldata>chi: Circolo Arci Sprawasser
comune: Roma
contatti: '3917274709'
descrizione: Spesa a domicilio per anziani
destinatari: anziani over 65
fonte: http://pigneto.romatoday.it/pigneto/progetto-spesa-anziani-sparwasser.html?fbclid=IwAR3V67Tp7IdHQ7EXfZPVrSm9j-76Hfny5rY5pzqqN4FXODN_vJXviCcEUqY
provincia: Roma
regione: Lazio
tag: Consegne e commissioni
</yamldata></pre>",open
https://github.com/emergenzeHack/covid19italia_segnalazioni/issues/134,578926040,2020-03-10 23:57:41,2020-03-10 23:53:44,Servizi a domicilio,,,"[""Servizi e iniziative solidali private"", ""accettato""]",,,"{""chi"": ""Ass. La Terra di Piero"", ""comune"": ""Cosenza"", ""contatti"": ""info@laterradipiero.it"", ""descrizione"": ""Servizi a domicilio"", ""destinatari"": ""Tutti"", ""fonte"": ""dbQMTMYzw88_Yg4KQczFmGtuCFEiea1l_sQH2jAeNZmS2jOk8O2jmt8vfjFkFGL8joj0mAhB3coJl7i7flkXHD5Xf3uI43zF6p7LzL4PhwXjcQinmGQcLmKapXCTVCK0Sf8LFnM3unxacrVtK_9evpIzjOMqVsFL3UcsrExdx8GN33PKFuw65xr5s06Cb7M"", ""provincia"": ""Cosenza"", ""regione"": ""Calabria"", ""tag"": ""Servizi e iniziative solidali private""}","<pre><yamldata>chi: Ass. La Terra di Piero
comune: Cosenza
contatti: info@laterradipiero.it
descrizione: Servizi a domicilio
destinatari: Tutti
fonte: dbQMTMYzw88_Yg4KQczFmGtuCFEiea1l_sQH2jAeNZmS2jOk8O2jmt8vfjFkFGL8joj0mAhB3coJl7i7flkXHD5Xf3uI43zF6p7LzL4PhwXjcQinmGQcLmKapXCTVCK0Sf8LFnM3unxacrVtK_9evpIzjOMqVsFL3UcsrExdx8GN33PKFuw65xr5s06Cb7M
provincia: Cosenza
regione: Calabria
tag: Servizi e iniziative solidali private
</yamldata></pre>",open
https://github.com/emergenzeHack/covid19italia_segnalazioni/issues/133,578926035,2020-03-10 23:57:41,2020-03-10 23:53:43,Informazioni su disagi e criticità,,,"[""Servizi e iniziative solidali private"", ""accettato""]",,,"{""chi"": ""Radio Ciroma"", ""comune"": ""Cosenza"", ""contatti"": ""366 4185972"", ""descrizione"": ""Informazioni su disagi e criticit\u00e0"", ""destinatari"": ""tutti"", ""fonte"": ""https://www.facebook.com/photo.php?fbid=10218261149973887&set=p.10218261149973887&type=3&theater"", ""provincia"": ""Cosenza"", ""regione"": ""Calabria"", ""tag"": ""Servizi e iniziative solidali private""}","<pre><yamldata>chi: Radio Ciroma
comune: Cosenza
contatti: 366 4185972
descrizione: ""Informazioni su disagi e criticit\xE0""
destinatari: tutti
fonte: https://www.facebook.com/photo.php?fbid=10218261149973887&set=p.10218261149973887&type=3&theater
provincia: Cosenza
regione: Calabria
tag: Servizi e iniziative solidali private
</yamldata></pre>",open
https://github.com/emergenzeHack/covid19italia_segnalazioni/issues/132,578926031,2020-03-10 23:56:08,2020-03-10 23:53:42,"""Il Tempo della Gentilezza"". Consegna spesa, beni di prima neccesità, farmaci. Trasporto infermi",,,"[""Consegne e commissioni"", ""accettato""]",,,"{""chi"": ""Croce Rossa Italiana"", ""comune"": ""Italia"", ""contatti"": ""contattare il comitato locale oppure numero verde Sala Operativa 800 - 06 55 10"", ""descrizione"": ""\""Il Tempo della Gentilezza\"". Consegna spesa, beni di prima neccesit\u00e0, farmaci. Trasporto infermi"", ""destinatari"": ""anziani, persone fragili"", ""fonte"": ""https://www.repubblica.it/solidarieta/2020/03/10/news/coronavirus_rocca_per_croce_rossa_e_il_tempo_della_gentilezza_dalla_spesa_a_domicilio_al_trasporto_sanitario_-250835208/?fbclid=IwAR0SF6GRmNXthqaCs_6jNfjKV6IDuuk5a1YqAPi9uc9uWTFjYoQcKh-Jyn4"", ""provincia"": ""Italia"", ""regione"": ""Italia"", ""tag"": ""Consegne e commissioni""}","<pre><yamldata>chi: Croce Rossa Italiana
comune: Italia
contatti: contattare il comitato locale oppure numero verde Sala Operativa 800 - 06
  55 10
descrizione: ""\""Il Tempo della Gentilezza\"". Consegna spesa, beni di prima neccesit\xE0\
  , farmaci. Trasporto infermi""
destinatari: anziani, persone fragili
fonte: https://www.repubblica.it/solidarieta/2020/03/10/news/coronavirus_rocca_per_croce_rossa_e_il_tempo_della_gentilezza_dalla_spesa_a_domicilio_al_trasporto_sanitario_-250835208/?fbclid=IwAR0SF6GRmNXthqaCs_6jNfjKV6IDuuk5a1YqAPi9uc9uWTFjYoQcKh-Jyn4
provincia: Italia
regione: Italia
tag: Consegne e commissioni
</yamldata></pre>",open
https://github.com/emergenzeHack/covid19italia_segnalazioni/issues/131,578926022,2020-03-11 11:40:47,2020-03-10 23:53:42,"Filastrocche al telefono, da lun. a ven. ore 10-11, 16-17",,,"[""Attivit\u00e0 culturali e ricreative"", ""Giochi/intrattenimento bambini"", ""accettato""]",,,"{""chi"": ""Livio Vianello"", ""comune"": ""Italia"", ""contatti"": ""Livio Vianello 331 9060795"", ""descrizione"": ""Filastrocche al telefono. Fino al 3 aprile da lun. a ven. dalle ore 10 alle 11, dalle 16 alle 17."", ""destinatari"": ""Bambini"", ""fonte"": """", ""provincia"": ""Italia"", ""regione"": ""Italia"", ""tag"": ""Attivit\u00e0 culturali e ricreative""}","<pre><yamldata>chi: Livio Vianello
comune: Italia
contatti: Livio Vianello 331 9060795
descrizione: Filastrocche al telefono. Fino al 3 aprile da lun. a ven. dalle ore 10 alle 11, dalle 16 alle 17.
destinatari: 'Bambini'
fonte: ''
provincia: Italia
regione: Italia
tag: ""Attivit\xE0 culturali e ricreative""
</yamldata></pre>",open
https://github.com/emergenzeHack/covid19italia_segnalazioni/issues/130,578926017,2020-03-11 11:41:23,2020-03-10 23:53:41,"Fiabe, racconti, approfondimenti scolastici a distanza",,,"[""Attivit\u00e0 culturali e ricreative"", ""Didattica a distanza"", ""Giochi/intrattenimento bambini"", ""accettato""]",,,"{""chi"": ""Lezioni sul sof\u00e0"", ""comune"": ""Italia"", ""contatti"": """", ""descrizione"": ""Fiabe, racconti, approfondimenti scolastici"", ""destinatari"": ""tutti. Per et\u00e0 diverse"", ""fonte"": ""https://www.lezionisulsofa.it/?fbclid=IwAR2S3eR0btgrv3-O4CjeaUFogtFe2wTVsmXbrE_Y3YFSBu-o7VKbLPun9Vw"", ""provincia"": ""Italia"", ""regione"": ""Italia"", ""tag"": ""Didattica a distanza""}","<pre><yamldata>chi: ""Lezioni sul sof\xE0""
comune: Italia
contatti: ''
descrizione: Fiabe, racconti, approfondimenti scolastici
destinatari: ""tutti. Per et\xE0 diverse""
fonte: https://www.lezionisulsofa.it/?fbclid=IwAR2S3eR0btgrv3-O4CjeaUFogtFe2wTVsmXbrE_Y3YFSBu-o7VKbLPun9Vw
provincia: Italia
regione: Italia
tag: Didattica a distanza
</yamldata></pre>",open
https://github.com/emergenzeHack/covid19italia_segnalazioni/issues/129,578926015,2020-03-11 11:05:13,2020-03-10 23:53:40,Visione gratuita film #Ischia Film Festival,,,"[""Attivit\u00e0 culturali e ricreative"", ""accettato""]",,,"{""chi"": ""Ischia Film Festival"", ""comune"": ""Italia"", ""contatti"": """", ""descrizione"": ""Visione libera e gratuita dei film in concorso a Ischia Film Festival"", ""destinatari"": ""tutti"", ""fonte"": ""http://www.ischiafilmfestival.it/index.php/it/iscrivere-un-film?fbclid=IwAR0UuphpaD8Cvw5Pv32kKuBy8aB9aQbGBDvAgdAPmQ6N4PcqHfs3pp5r5TM"", ""provincia"": ""Italia"", ""regione"": ""Italia"", ""tag"": ""Attivit\u00e0 culturali e ricreative""}","<pre><yamldata>chi: Ischia Film Festival
comune: Italia
contatti: ''
descrizione: Visione libera e gratuita dei film in concorso a Ischia Film Festival
destinatari: tutti
fonte: http://www.ischiafilmfestival.it/index.php/it/iscrivere-un-film?fbclid=IwAR0UuphpaD8Cvw5Pv32kKuBy8aB9aQbGBDvAgdAPmQ6N4PcqHfs3pp5r5TM
provincia: Italia
regione: Italia
tag: ""Attivit\xE0 culturali e ricreative""
</yamldata></pre>",open
https://github.com/emergenzeHack/covid19italia_segnalazioni/issues/128,578926012,2020-03-11 11:20:41,2020-03-10 23:53:39,Lettura giornaliera di tutto il Decamerone,,,"[""Attivit\u00e0 culturali e ricreative"", ""accettato""]",,,"{""chi"": ""lavoratori della cultura"", ""comune"": ""Italia"", ""contatti"": ""https://www.facebook.com/decamerone2020/"", ""descrizione"": ""Lettura giornaliera di tutto il Decamerone, dal 29 febbraio al 9 marzo."", ""destinatari"": ""tutti"", ""fonte"": ""https://www.facebook.com/decamerone2020/"", ""provincia"": ""Italia"", ""regione"": ""Italia"", ""tag"": ""Attivit\u00e0 culturali e ricreative""}","<pre><yamldata>chi: lavoratori della cultura
comune: Italia
contatti: https://www.facebook.com/decamerone2020/
descrizione: Lettura giornaliera di tutto il Decamerone, dal 29 febbraio al 9 marzo.
destinatari: tutti
fonte: https://www.facebook.com/decamerone2020/
provincia: Italia
regione: Italia
tag: ""Attivit\xE0 culturali e ricreative""
</yamldata></pre>",open
https://github.com/emergenzeHack/covid19italia_segnalazioni/issues/127,578926006,2020-03-10 23:57:40,2020-03-10 23:53:38,"social aiuta per spesa, medicina e prime necessità. c'è un gruppo che supporta la collettività. ",,,"[""Servizi e iniziative solidali private"", ""accettato""]",,,"{""chi"": ""social street - baia del re "", ""comune"": ""Milano "", ""contatti"": ""social baia del re "", ""descrizione"": ""social aiuta per spesa, medicina e prime necessit\u00e0. c'\u00e8 un gruppo che supporta la collettivit\u00e0. "", ""destinatari"": ""tutti "", ""fonte"": ""facebook: residenti baia del re (montegani, volvinio e dintorni) "", ""provincia"": ""Milano"", ""regione"": ""lombardia "", ""tag"": ""Servizi e iniziative solidali private""}","<pre><yamldata>chi: 'social street - baia del re '
comune: 'Milano '
contatti: 'social baia del re '
descrizione: ""social aiuta per spesa, medicina e prime necessit\xE0. c'\xE8 un gruppo\
  \ che supporta la collettivit\xE0. ""
destinatari: 'tutti '
fonte: 'facebook: residenti baia del re (montegani, volvinio e dintorni) '
provincia: Milano
regione: 'lombardia '
tag: Servizi e iniziative solidali private
</yamldata></pre>",open
https://github.com/emergenzeHack/covid19italia_segnalazioni/issues/126,578925998,2020-03-10 23:56:06,2020-03-10 23:53:37,Disposizioni decreto tradotte in varie lingue,,,"[""Informazioni utili"", ""accettato""]",,,"{""chi"": ""Radio Onda d'urto"", ""comune"": ""Italia"", ""contatti"": """", ""descrizione"": ""Disposizioni decreto tradotte in varie lingue"", ""destinatari"": ""Persone che parlano inglese, framcese, russo, spagnolo, wolof, pashtun, pulaar, bambara."", ""fonte"": ""https://www.radiondadurto.org/2020/03/10/coronavirus-traduzioni-multilingue-sulle-disposizioni-anti-contagio/"", ""provincia"": ""Italia"", ""regione"": ""Italia"", ""tag"": ""Informazioni utili""}","<pre><yamldata>chi: Radio Onda d'urto
comune: Italia
contatti: ''
descrizione: Disposizioni decreto tradotte in varie lingue
destinatari: Persone che parlano inglese, framcese, russo, spagnolo, wolof, pashtun,
  pulaar, bambara.
fonte: https://www.radiondadurto.org/2020/03/10/coronavirus-traduzioni-multilingue-sulle-disposizioni-anti-contagio/
provincia: Italia
regione: Italia
tag: Informazioni utili
</yamldata></pre>",open
https://github.com/emergenzeHack/covid19italia_segnalazioni/issues/125,578925996,2020-03-11 11:41:59,2020-03-10 23:53:37,Su Telegram storie lette ad alta voce,,,"[""Attivit\u00e0 culturali e ricreative"", ""Giochi/intrattenimento bambini"", ""accettato""]",,,"{""chi"": ""canale telegram @storiealtelefono "", ""comune"": ""Italia"", ""contatti"": ""canale telegram @storiealtelefono per registrare storie"", ""descrizione"": ""Storie lette ad alta voce sul canale Telegram @storiealtelefono"", ""destinatari"": ""tutti"", ""fonte"": ""https://www.radiocittafujiko.it/resistenza-al-coronavirus-2-le-storie-al-telefono-di-chi-e-senza-reddito/?fbclid=IwAR3IYyyk0MGzxtxM3TrI1kycHivJW8_ip1arTX-f3xRqWNvpQt_Bs0hS1_o"", ""provincia"": ""Italia"", ""regione"": ""Italia"", ""tag"": ""Attivit\u00e0 culturali e ricreative""}","<pre><yamldata>chi: 'canale telegram @storiealtelefono '
comune: Italia
contatti: canale telegram @storiealtelefono
  per registrare storie
descrizione: Storie lette ad alta voce sul canale Telegram @storiealtelefono
destinatari: tutti
fonte: https://www.radiocittafujiko.it/resistenza-al-coronavirus-2-le-storie-al-telefono-di-chi-e-senza-reddito/?fbclid=IwAR3IYyyk0MGzxtxM3TrI1kycHivJW8_ip1arTX-f3xRqWNvpQt_Bs0hS1_o
provincia: Italia
regione: Italia
tag: ""Attivit\xE0 culturali e ricreative""
</yamldata></pre>",open
https://github.com/emergenzeHack/covid19italia_segnalazioni/issues/124,578925992,2020-03-10 23:56:05,2020-03-10 23:53:36,commisioni (alimenti e farmaci),,,"[""Consegne e commissioni"", ""accettato""]",,,"{""chi"": ""Comitato San Mamiliano"", ""comune"": ""Isola del Giglio"", ""contatti"": ""Stefania 3290245553, Filippo 3286934513, Fabio 3338179662, Andrea 3402612926"", ""descrizione"": ""commisioni (alimenti e farmaci)"", ""destinatari"": ""anziani e malati"", ""fonte"": ""https://www.ilgiunco.net/2020/03/10/la-solidarieta-ai-tempi-del-coronavirus-sono-michele-del-terzo-piano-se-volete-vado-a-farvi-la-spesa/"", ""provincia"": ""Grosseto"", ""regione"": ""Toscana"", ""tag"": ""Consegne e commissioni""}","<pre><yamldata>chi: Comitato San Mamiliano
comune: Isola del Giglio
contatti: Stefania 3290245553, Filippo 3286934513, Fabio 3338179662, Andrea 3402612926
descrizione: commisioni (alimenti e farmaci)
destinatari: anziani e malati
fonte: https://www.ilgiunco.net/2020/03/10/la-solidarieta-ai-tempi-del-coronavirus-sono-michele-del-terzo-piano-se-volete-vado-a-farvi-la-spesa/
provincia: Grosseto
regione: Toscana
tag: Consegne e commissioni
</yamldata></pre>",open
https://github.com/emergenzeHack/covid19italia_segnalazioni/issues/123,578925991,2020-03-10 23:56:05,2020-03-10 23:53:35,commissioni (farmaci e alimenti),,,"[""Consegne e commissioni"", ""accettato""]",,,"{""chi"": ""Croce Verde"", ""comune"": ""Arquata del Tronto"", ""contatti"": ""numero da chiamare: 0736 802459"", ""descrizione"": ""commissioni (farmaci e alimenti)"", ""destinatari"": ""anziani/e e persone con particolari difficolt\u00e0 dei comuni di Arquata del Tronto e Acquasanta Terme"", ""fonte"": """", ""provincia"": ""Ascoli Piceno"", ""regione"": ""Marche"", ""tag"": ""Consegne e commissioni""}","<pre><yamldata>chi: Croce Verde
comune: Arquata del Tronto
contatti: 'numero da chiamare: 0736 802459'
descrizione: commissioni (farmaci e alimenti)
destinatari: ""anziani/e e persone con particolari difficolt\xE0 dei comuni di Arquata\
  \ del Tronto e Acquasanta Terme""
fonte: ''
provincia: Ascoli Piceno
regione: Marche
tag: Consegne e commissioni
</yamldata></pre>",open
https://github.com/emergenzeHack/covid19italia_segnalazioni/issues/122,578925987,2020-03-10 23:56:05,2020-03-10 23:53:34,"informazioni su Covid19 in lingua e con video, per stranieri",,,"[""Informazioni utili"", ""accettato""]",,,"{""chi"": ""Il grande colibr\u00ec"", ""comune"": ""Nazionale"", ""contatti"": """", ""descrizione"": ""informazioni su Covid19 in lingua e con video, per stranieri"", ""destinatari"": ""stranieri"", ""fonte"": ""https://www.ilgrandecolibri.com/coronavirus-spiegato-migranti-asilanti/"", ""provincia"": """", ""regione"": """", ""tag"": ""Informazioni utili""}","<pre><yamldata>chi: ""Il grande colibr\xEC""
comune: Nazionale
contatti: ''
descrizione: informazioni su Covid19 in lingua e con video, per stranieri
destinatari: stranieri
fonte: https://www.ilgrandecolibri.com/coronavirus-spiegato-migranti-asilanti/
provincia: ''
regione: ''
tag: Informazioni utili
</yamldata></pre>",open
https://github.com/emergenzeHack/covid19italia_segnalazioni/issues/121,578925980,2020-03-10 23:56:05,2020-03-10 23:53:34,Portierato di quartiere,,,"[""Consegne e commissioni"", ""accettato""]",,,"{""chi"": ""Casa delle Culture"", ""comune"": ""Ancona"", ""contatti"": ""3737660799"", ""descrizione"": ""Portierato di quartiere"", ""destinatari"": ""residenti quartiere Vallemiano"", ""fonte"": ""https://www.facebook.com/casacultureancona/photos/a.106921962675490/3051249511576039/?type=3&theater"", ""provincia"": ""Ancona"", ""regione"": ""Marche"", ""tag"": ""Consegne e commissioni""}","<pre><yamldata>chi: Casa delle Culture
comune: Ancona
contatti: '3737660799'
descrizione: Portierato di quartiere
destinatari: residenti quartiere Vallemiano
fonte: https://www.facebook.com/casacultureancona/photos/a.106921962675490/3051249511576039/?type=3&theater
provincia: Ancona
regione: Marche
tag: Consegne e commissioni
</yamldata></pre>",open
https://github.com/emergenzeHack/covid19italia_segnalazioni/issues/120,578925974,2020-03-11 11:25:57,2020-03-10 23:53:33,Spettacoli comici in streaming,,,"[""Attivit\u00e0 culturali e ricreative"", ""accettato""]",,,"{""chi"": ""Il Cenacolo dei Farfalloni"", ""comune"": ""Ancona"", ""contatti"": """", ""descrizione"": ""Spettacoli comici in streaming"", ""destinatari"": ""tutti"", ""fonte"": ""https://www.facebook.com/farfalloni.teatro/posts/2921734271223850?__xts__[0]=68.ARAg_88NOH-Bmb8r9nv2Li9EdHBC39vaHQQ0ZLmW4dZHVAFk4Nd_knzkD7a7iAeRz9Md4GIrLRsq-4ZK46kI6-yVSG9QdUbGTtn4EkdGsVTqLSq9csqJNGPCF4A3l-5rRf0nURCPM7aR5BW2QtVNjTxxXhIdNdZEpr9nLziOVQityOLvHnJcE8Tf4v3JQ28A7TLIXm2dtxPAZ8VNsoBBQWtHISxI-l5_yKfMEnVkGjTa5faHBJNw_OROM6yvVWQspOBxa9GC_HqZxcMjLKGkIWHw88WJoZ64mVzXytHNbbFVBL-9KZZtzFsDfj4Ias_7jk_Hlyffu-z1AYFVNfBbuwxhftMfGC6eP6_j-TgmPwi9rmkqm11XgEqk3k6dJVBLqT2sMsyeA1udFttqoW9Mq5qZVe7cVKH5WKSNL4pEM_vweVT8d1YspFXwT6th_KRWpvky_sbYYYG4o7u7yIe0wZDu4QE1jvJL1ld_S-X9YnkwxN95dm2mleoYRHVx&__tn__=K-R"", ""provincia"": ""Ancona"", ""regione"": ""Marche"", ""tag"": ""Attivit\u00e0 culturali e ricreative""}","<pre><yamldata>chi: Il Cenacolo dei Farfalloni
comune: Ancona
contatti: ''
descrizione: Spettacoli comici in streaming
destinatari: tutti
fonte: https://www.facebook.com/farfalloni.teatro/posts/2921734271223850?__xts__[0]=68.ARAg_88NOH-Bmb8r9nv2Li9EdHBC39vaHQQ0ZLmW4dZHVAFk4Nd_knzkD7a7iAeRz9Md4GIrLRsq-4ZK46kI6-yVSG9QdUbGTtn4EkdGsVTqLSq9csqJNGPCF4A3l-5rRf0nURCPM7aR5BW2QtVNjTxxXhIdNdZEpr9nLziOVQityOLvHnJcE8Tf4v3JQ28A7TLIXm2dtxPAZ8VNsoBBQWtHISxI-l5_yKfMEnVkGjTa5faHBJNw_OROM6yvVWQspOBxa9GC_HqZxcMjLKGkIWHw88WJoZ64mVzXytHNbbFVBL-9KZZtzFsDfj4Ias_7jk_Hlyffu-z1AYFVNfBbuwxhftMfGC6eP6_j-TgmPwi9rmkqm11XgEqk3k6dJVBLqT2sMsyeA1udFttqoW9Mq5qZVe7cVKH5WKSNL4pEM_vweVT8d1YspFXwT6th_KRWpvky_sbYYYG4o7u7yIe0wZDu4QE1jvJL1ld_S-X9YnkwxN95dm2mleoYRHVx&__tn__=K-R
provincia: Ancona
regione: Marche
tag: ""Attivit\xE0 culturali e ricreative""
</yamldata></pre>",open
https://github.com/emergenzeHack/covid19italia_segnalazioni/issues/109,578925931,2020-03-11 13:24:58,2020-03-10 23:53:23,Consegna libri a domicilio #Torino,,,"[""Consegne e commissioni"", ""accettato""]",,,"{""chi"": ""Libreria del Golem"", ""comune"": ""Torino"", ""contatti"": ""Info@golembookshop.it 011 1950 3630 329 2594868"", ""descrizione"": ""Consegna libri a domicilio con spedizione gratuita"", ""destinatari"": ""residenti a Torino"", ""fonte"": ""https://www.facebook.com/lalibreriadelgolem/photos/a.1599887820243956/2718884935010900/?type=3"", ""provincia"": ""Torino"", ""regione"": ""Piemonte"", ""tag"": ""Consegne e commissioni""}","<pre><yamldata>chi: Libreria del Golem
comune: Torino
contatti: 'Info@golembookshop.it
011 1950 3630
329 2594868'
descrizione: Consegna libri a domicilio con spedizione gratuita
destinatari: residenti a Torino
fonte: https://www.facebook.com/lalibreriadelgolem/photos/a.1599887820243956/2718884935010900/?type=3
provincia: Torino
regione: Piemonte
tag: Consegne e commissioni
</yamldata></pre>",open
https://github.com/emergenzeHack/covid19italia_segnalazioni/issues/108,578925925,2020-03-11 11:48:08,2020-03-10 23:53:22,"#Musicgoesviral, concerti online su Facebook e Instagram",,,"[""Attivit\u00e0 culturali e ricreative"", ""accettato""]",,,"{""chi"": ""Riviste Quinte Parallele"", ""comune"": ""Italia"", ""contatti"": """", ""descrizione"": ""Quinte Parallele inaugura"", ""destinatari"": ""tutti"", ""fonte"": ""https://www.facebook.com/quinteparallelerivista/posts/2701633279873178"", ""provincia"": ""Italia"", ""regione"": ""Italia"", ""tag"": ""Didattica a distanza""}","<pre><yamldata>chi: Riviste Quinte Parallele
comune: Italia
contatti: ''
descrizione:  Quinte Parallele inaugura #Musicgoesviral, la prima stagione assoluta di concerti social: da lunedì 9 marzo fino a venerdì 3 aprile, le pagine di Instagram e Facebook della Rivista si trasformeranno in un vero e proprio palcoscenico virtuale.
destinatari: tutti
fonte: https://www.facebook.com/quinteparallelerivista/posts/2701633279873178
provincia: Italia
regione: Italia
tag: Didattica a distanza
</yamldata></pre>",open
https://github.com/emergenzeHack/covid19italia_segnalazioni/issues/106,578925913,2020-03-11 13:22:00,2020-03-10 23:53:21,Consegna a domicilio libri #Bari (BA),,,"[""Consegne e commissioni"", ""accettato""]",,,"{""chi"": ""Libreria Spine"", ""comune"": ""Bari"", ""contatti"": ""spinebookstore@gmail.com"", ""descrizione"": ""Consegna a domicilio di libri"", ""destinatari"": ""Residenti a Bari"", ""fonte"": ""https://www.facebook.com/spinebookstore/"", ""provincia"": ""Bari"", ""regione"": ""Puglia"", ""tag"": ""Consegne e commissioni""}","<pre><yamldata>chi: Libreria Spine
comune: Bari
contatti: 'spinebookstore@gmail.com'
descrizione: Consegna a domicilio di libri
destinatari: Residenti a Bari
fonte: https://www.facebook.com/spinebookstore/
provincia: Bari
regione: Puglia
tag: Consegne e commissioni
</yamldata></pre>",open
https://github.com/emergenzeHack/covid19italia_segnalazioni/issues/105,578925909,2020-03-11 11:54:24,2020-03-10 23:53:20,"Amazon, Tim Vision, Infinity offrono video streaming gratis",,,"[""Attivit\u00e0 culturali e ricreative"", ""accettato""]",,,"{""chi"": ""Amazon, Tim Vision, Infinity"", ""comune"": null, ""contatti"": """", ""descrizione"": ""Video streaming gratis su piattaforme Amazon, Tim Vision, Infinity."", ""destinatari"": ""tutti"", ""fonte"": ""https://www.donnaglamour.it/streaming-gratis-coronavirus/lifestyle/"", ""provincia"": ""Italia"", ""regione"": ""Italia"", ""tag"": ""Servizi e iniziative solidali private, Attivit\u00e0 culturali e ricreative""}","<pre><yamldata>chi: Amazon, Tim Vision, Infinity
comune:
contatti: ''
descrizione: Video streaming gratis su piattaforme Amazon, Tim Vision, Infinity.
destinatari: tutti
fonte: 'https://www.donnaglamour.it/streaming-gratis-coronavirus/lifestyle/'
provincia: Italia
regione: Italia
tag: Servizi e iniziative solidali private, Attività culturali e ricreative
</yamldata></pre>",open
https://github.com/emergenzeHack/covid19italia_segnalazioni/issues/104,578925888,2020-03-11 11:40:16,2020-03-10 23:53:13,"Progetto ""Non da soli"" per sostenere didattica a distanza nelle famiglie in difficoltà ",,,"[""Didattica a distanza"", ""Servizi e iniziative solidali private"", ""accettato""]",,,"{""chi"": ""Save the children"", ""comune"": ""In tutta Italia"", ""contatti"": """", ""descrizione"": ""Progetto \""Non da soli\"" per sostenere la didattica a distanza nelle famiglie in difficolt\u00e0 "", ""destinatari"": """", ""fonte"": ""http://www.vita.it/it/article/2020/03/07/coronavirus-save-the-children-contrastare-gli-effetti-negativi-della-c/154318/"", ""provincia"": """", ""regione"": """", ""tag"": ""Didattica a distanza""}","<pre><yamldata>chi: Save the children
comune: In tutta Italia
contatti: ''
descrizione: ""Progetto \""Non da soli\"" per sostenere la didattica a distanza nelle famiglie in difficolt\xE0 ""
destinatari: ''
fonte: http://www.vita.it/it/article/2020/03/07/coronavirus-save-the-children-contrastare-gli-effetti-negativi-della-c/154318/
provincia: ''
regione: ''
tag: Didattica a distanza
</yamldata></pre>",open
https://github.com/emergenzeHack/covid19italia_segnalazioni/issues/101,578925850,2020-03-11 11:56:22,2020-03-10 23:53:05,Traduzione in comunicazione alternativa aumentativa decalogo Ministero della Salute,,,"[""Informazioni utili"", ""Servizi e iniziative solidali private"", ""accettato""]",,,"{""chi"": ""Anffas "", ""comune"": null, ""contatti"": """", ""descrizione"": ""Traduzione in comunicazione alternativa aumentativa decalogo Ministero della Salute."", ""destinatari"": ""persone con disabilit\u00e0 intellettiva"", ""fonte"": ""http://www.anffas.tn.it/component/k2/item/824-coronavirus.html"", ""provincia"": null, ""regione"": null, ""tag"": ""Sostegno al lavoro""}","<pre><yamldata>chi: 'Anffas '
comune:
contatti: ''
descrizione: Traduzione in comunicazione alternativa aumentativa decalogo Ministero della Salute.
destinatari: 'persone con disabilità intellettiva'
fonte: http://www.anffas.tn.it/component/k2/item/824-coronavirus.html
provincia: 
regione: 
tag: Sostegno al lavoro
</yamldata></pre>",open
https://github.com/emergenzeHack/covid19italia_segnalazioni/issues/100,578925845,2020-03-11 12:09:11,2020-03-10 23:53:04,Traduzione in 7 lingue decalogo Ministero della Salute #Milano,,,"[""Informazioni utili"", ""accettato""]",,,"{""chi"": ""Comitato Abitanti San Siro, associazione Naga"", ""comune"": ""Milano"", ""contatti"": ""02 58102599"", ""descrizione"": ""Traduzione in 7 lingue decalogo Ministero della Salute"", ""destinatari"": ""\u2018cittadini stranieri'"", ""fonte"": ""http://www.milanotoday.it/attualita/coronavirus/coronavirus-consigli-ministero-tradotti.html"", ""provincia"": ""Milano"", ""regione"": ""Lombardia "", ""tag"": ""Sostegno al lavoro""}","<pre><yamldata>chi: Comitato Abitanti San Siro, associazione Naga
comune: Milano
contatti: '02 58102599'
descrizione: Traduzione in 7 lingue decalogo Ministero della Salute
destinatari: ‘cittadini stranieri'
fonte: http://www.milanotoday.it/attualita/coronavirus/coronavirus-consigli-ministero-tradotti.html
provincia: Milano
regione: 'Lombardia '
tag: Sostegno al lavoro
</yamldata></pre>",open
https://github.com/emergenzeHack/covid19italia_segnalazioni/issues/99,578925841,2020-03-11 12:01:05,2020-03-10 23:53:03,Streaming di comunità,,,"[""Attivit\u00e0 culturali e ricreative"", ""accettato""]",,,{},"<pre><yamldata>chi: Smk Videofactory
comune: ''
contatti: ''
descrizione: ""Streaming di comunità: Una lunga programmazione di video, film e documentari per ribadire il valore della cultura dal basso e della sua diffusione. Senza dover pagare per forza.""
destinatari: 'tutti’
fonte: https://www.openddb.it/streaming-di-comunita/
provincia: ''
regione: ''
tag: Sostegno al lavoro
</yamldata></pre>",open
https://github.com/emergenzeHack/covid19italia_segnalazioni/issues/98,578925353,2020-03-11 11:57:22,2020-03-10 23:51:13,Consegne a domicilio #Barrea (AQ),,,"[""Servizi e iniziative solidali pubbliche"", ""accettato""]",,,"{""chi"": ""Comune di Barrea"", ""comune"": ""Barrea"", ""contatti"": ""347 8533277"", ""descrizione"": ""servizio di consegna a domicilio della spesa alimentare, dei medicinali e di qualsiasi altro bene di prima necessit\u00e0. "", ""destinatari"": ""tutti"", ""fonte"": """", ""provincia"": ""L'Aquila"", ""regione"": ""Abruzzo"", ""tag"": ""Servizi e iniziative solidali pubbliche""}","<pre><yamldata>chi: Comune di Barrea
comune: Barrea
contatti: 347 8533277
descrizione: ""servizio di consegna a domicilio della spesa alimentare, dei medicinali\
  \ e di qualsiasi altro bene di prima necessit\xE0. ""
destinatari: tutti
fonte: ''
provincia: L'Aquila
regione: Abruzzo
tag: Servizi e iniziative solidali pubbliche
</yamldata></pre>",open
https://github.com/emergenzeHack/covid19italia_segnalazioni/issues/97,578925348,2020-03-11 11:48:58,2020-03-10 23:51:12,Consegne a domicilio over 65 #Angera (VA),,,"[""Servizi e iniziative solidali pubbliche"", ""accettato""]",,,"{""chi"": ""Comune di Angera "", ""comune"": ""Angera"", ""contatti"": ""0331 932147"", ""descrizione"": ""L\u2019Amministrazione Comunale a tutela dei soggetti fragili e delle persone di et\u00e0 superiore ai 65 anni, che non hanno alcun sostegno da parte dei familiari, ha attivato un servizio di consegna a domicilio della spesa alimentare, dei medicinali e di qualsiasi altro bene di prima necessit\u00e0.  "", ""destinatari"": ""over 65"", ""fonte"": ""https://www.comune.angera.va.it/servizi/notizie/notizie_fase02.aspx?ID=11670"", ""provincia"": ""Varese"", ""regione"": ""Lombardia"", ""tag"": ""Servizi e iniziative solidali pubbliche""}","<pre><yamldata>chi: 'Comune di Angera '
comune: Angera
contatti: '0331 932147'
descrizione: ""L’Amministrazione Comunale a tutela dei soggetti fragili e delle persone di età superiore ai 65 anni, che non hanno alcun sostegno da parte dei familiari, ha attivato un servizio di consegna a domicilio della spesa alimentare, dei medicinali e di qualsiasi altro bene di prima necessità.  ""
destinatari: over 65
fonte: 'https://www.comune.angera.va.it/servizi/notizie/notizie_fase02.aspx?ID=11670'
provincia: Varese
regione: Lombardia
tag: Servizi e iniziative solidali pubbliche
</yamldata></pre>",open
https://github.com/emergenzeHack/covid19italia_segnalazioni/issues/96,578925340,2020-03-11 12:01:26,2020-03-10 23:51:12,Cineteca di #Bologna offre lezioni di cinema online,,,"[""Attivit\u00e0 culturali e ricreative"", ""Didattica a distanza esperienze e strumenti"", ""accettato""]",,,"{""chi"": ""Cineteca di Bologna"", ""comune"": ""Bologna"", ""contatti"": ""https://festival.ilcinemaritrovato.it/lezioni-di-cinema-3/?fbclid=IwAR2jhW6RPJM-bWKMgIrv-_pFNvhA7rOHvCwiCjW9cwC-aV-aIImzs2XT6cA"", ""descrizione"": ""Lezioni di cinema on line tenute da grandi registi e attori."", ""destinatari"": ""Tutti"", ""fonte"": """", ""provincia"": ""Bologna"", ""regione"": ""Italia"", ""tag"": ""Servizi e iniziative solidali pubbliche""}","<pre><yamldata>chi: Cineteca di Bologna
comune: Bologna
contatti: https://festival.ilcinemaritrovato.it/lezioni-di-cinema-3/?fbclid=IwAR2jhW6RPJM-bWKMgIrv-_pFNvhA7rOHvCwiCjW9cwC-aV-aIImzs2XT6cA
descrizione: Lezioni di cinema on line tenute da grandi registi e attori.
destinatari: Tutti
fonte: ''
provincia: Bologna
regione: Italia
tag: Servizi e iniziative solidali pubbliche
</yamldata></pre>",open
https://github.com/emergenzeHack/covid19italia_segnalazioni/issues/95,578925335,2020-03-11 12:15:40,2020-03-10 23:51:11,"Teatro Massimo #Palermo, streaming no stop di opere, concerti, spettacoli",,,"[""Attivit\u00e0 culturali e ricreative"", ""accettato""]",,,{},"<pre><yamldata>chi: Teatro Massimo di Palermo
comune: Palermo
contatti:
descrizione: Programmazione no stop streaming di opere, concerti, spettacoli. Ogni giorno viene comunicato il programma: un palinsesto di opere, concerti e spettacoli, visite guidate virtuali e nuove proposte per guardare avanti, in attesa di riaprire il teatro.
destinatari: Tutti
fonte: 'http://www.teatromassimo.it/archivio/notizie/non-vi-lasciamo-senza-musica.html? fbclid=IwAR1198ZcrQqhR01PlAtzk9fSBDTTFVUdJc3h1sTB6PxGbvxwJLU66aW_uNg'
provincia: Pa
regione: Italia
tag: Servizi e iniziative solidali pubbliche
</yamldata></pre>",open
https://github.com/emergenzeHack/covid19italia_segnalazioni/issues/94,578925328,2020-03-11 12:14:11,2020-03-10 23:51:10,Pronto Intervento Sociale: spesa e farmacia a domicilio #Ancona (AN),,,"[""Servizi e iniziative solidali pubbliche"", ""accettato""]",,,"{""chi"": ""Comune Ancona"", ""comune"": ""Ancona"", ""contatti"": ""071 54488 "", ""descrizione"": ""Per le persone che si trovano in condizioni di fragilit\u00e0 (per motivi di salute, per et\u00e0, assenza di una rete familiare di sostegno, per isolamento disposto dalle autorit\u00e0 sanitaria) \u00e8 attivo dall\u2019 11 marzo 2020 un numero di Pronto Intervento Sociale tel. 071 54488 a cui rivolgersi per informazioni utili e chiarimenti per spesa e farmaci a domicilio. Il numero sar\u00e0 attivo tutti i giorni (festivi compresi) dalle 8 alle 19."", ""destinatari"": ""Over 65"", ""fonte"": ""https://www.comune.ancona.gov.it/ankonline/precauzioni-contro-coronavirus-annullate-manifestazioni-di-carnevale/"", ""provincia"": ""Ancona"", ""regione"": ""Marche"", ""tag"": ""Servizi e iniziative solidali pubbliche""}","<pre><yamldata>chi: Comune Ancona
comune: Ancona
contatti: '071 54488 '
descrizione: ""Per le persone che si trovano in condizioni di fragilità (per motivi di salute, per età, assenza di una rete familiare di sostegno, per isolamento disposto dalle autorità sanitaria) è attivo dall’ 11 marzo 2020 un numero di Pronto Intervento Sociale tel. 071 54488 a cui rivolgersi per informazioni utili e chiarimenti per spesa e farmaci a domicilio.
Il numero sarà attivo tutti i giorni (festivi compresi) dalle 8 alle 19.""
destinatari: Over 65
fonte: 'https://www.comune.ancona.gov.it/ankonline/precauzioni-contro-coronavirus-annullate-manifestazioni-di-carnevale/'
provincia: Ancona
regione: Marche
tag: Servizi e iniziative solidali pubbliche
</yamldata></pre>",open
https://github.com/emergenzeHack/covid19italia_segnalazioni/issues/93,578925322,2020-03-10 23:56:54,2020-03-10 23:51:09,sostegno agli anziani in condizione di solitudine e isolamento preventivo e il supporto alle famiglie con minori,,,"[""Raccolte fondi"", ""accettato""]",,,"{""chi"": ""Fondazione Bergamo"", ""comune"": ""Bergamo"", ""contatti"": """", ""descrizione"": ""sostegno agli anziani in condizione di solitudine e isolamento preventivo e il supporto alle famiglie con minori"", ""destinatari"": ""over 65"", ""fonte"": ""http://www.fondazionebergamo.it/news/sosteniamobergamo/"", ""provincia"": ""Bergamo"", ""regione"": ""Lombardia"", ""tag"": ""Raccolta fondi""}","<pre><yamldata>chi: Fondazione Bergamo
comune: Bergamo
contatti: ''
descrizione: sostegno agli anziani in condizione di solitudine e isolamento preventivo
  e il supporto alle famiglie con minori
destinatari: over 65
fonte: http://www.fondazionebergamo.it/news/sosteniamobergamo/
provincia: Bergamo
regione: Lombardia
tag: Raccolta fondi
</yamldata></pre>",open
https://github.com/emergenzeHack/covid19italia_segnalazioni/issues/92,578925313,2020-03-11 11:09:28,2020-03-10 23:51:08,Elenco servizi digitali gratuiti per imprese e persone,,,"[""Servizi e iniziative solidali pubbliche"", ""accettato""]",,,"{""chi"": ""Agid - Solidariet\u00e0 digitale"", ""comune"": ""Italia"", ""contatti"": """", ""descrizione"": ""Sito che raccoglie tutti i servizi digitali gratuiti per imprese e cittadini"", ""destinatari"": ""Tutte e tutti"", ""fonte"": ""https://solidarietadigitale.agid.gov.it/?fbclid=IwAR3RRsTt948UxECBvv_YwnBsys7u9qmH0GFB-zToMxJwgEVz6iOghU4xmfM"", ""provincia"": ""Italia"", ""regione"": ""Italia"", ""tag"": ""Servizi e iniziative solidali pubbliche""}","<pre><yamldata>chi: ""Agid - Solidariet\xE0 digitale""
comune: Italia
contatti: ''
descrizione: Sito che raccoglie tutti i servizi digitali gratuiti per imprese e cittadini
destinatari: Tutte e tutti
fonte: https://solidarietadigitale.agid.gov.it/?fbclid=IwAR3RRsTt948UxECBvv_YwnBsys7u9qmH0GFB-zToMxJwgEVz6iOghU4xmfM
provincia: Italia
regione: Italia
tag: Servizi e iniziative solidali pubbliche
</yamldata></pre>",open
https://github.com/emergenzeHack/covid19italia_segnalazioni/issues/91,578925309,2020-03-11 11:03:52,2020-03-10 23:51:07,#Milano aiuta: indirizzo mail per raccogliere le iniziative a favore degli over 65,,,"[""Servizi e iniziative solidali pubbliche"", ""accettato""]",,,"{""chi"": ""Comune di Milano"", ""comune"": ""Milano"", ""contatti"": ""milanoaiuta@comune.milano.it"", ""descrizione"": ""Raccolta disponibilit\u00e0 per servizi di sostegno a anziani e altre persone che non possono uscire"", ""destinatari"": ""Over 65"", ""fonte"": ""https://www.comune.milano.it/-/politiche-sociali.-milano-aiuta-un-indirizzo-mail-per-raccogliere-le-iniziative-a-favore-degli-over-65"", ""provincia"": ""Milano"", ""regione"": ""Lombardia"", ""tag"": ""Servizi e iniziative solidali pubbliche""}","<pre><yamldata>chi: Comune di Milano
comune: Milano
contatti: milanoaiuta@comune.milano.it
descrizione: ""Raccolta disponibilit\xE0 per servizi di sostegno a anziani e altre\
  \ persone che non possono uscire""
destinatari: Over 65
fonte: https://www.comune.milano.it/-/politiche-sociali.-milano-aiuta-un-indirizzo-mail-per-raccogliere-le-iniziative-a-favore-degli-over-65
provincia: Milano
regione: Lombardia
tag: Servizi e iniziative solidali pubbliche
</yamldata></pre>",open
https://github.com/emergenzeHack/covid19italia_segnalazioni/issues/90,578924999,2020-03-11 10:24:01,2020-03-10 23:50:09,Raccolta fondi per potenziare terapie intensive #Abruzzo,,,"[""Raccolte fondi"", ""accettato""]",,,"{""chi"": ""Si Scrive Abruzzo"", ""comune"": """", ""contatti"": """", ""descrizione"": ""Campagna per potenziare le terapie intensive degli ospedali nella regione Abruzzo"", ""destinatari"": ""ASL Abruzzo"", ""fonte"": ""https://www.gofundme.com/f/abruzzo-rafforziamo-la-terapia-intensiva?utm_source=customer&utm_medium=copy_link-tip&utm_campaign=p_cp+share-sheet"", ""provincia"": """", ""regione"": ""Abruzzo"", ""tag"": ""Raccolta fondi""}","<pre><yamldata>chi: Si Scrive Abruzzo
comune: ''
contatti: ''
descrizione: ""Campagna per potenziare le terapie intensive degli ospedali nella regione Abruzzo""
destinatari: ASL Abruzzo
fonte: https://www.gofundme.com/f/abruzzo-rafforziamo-la-terapia-intensiva?utm_source=customer&utm_medium=copy_link-tip&utm_campaign=p_cp+share-sheet
provincia: ''
regione: Abruzzo
tag: Raccolta fondi
</yamldata></pre>",open
https://github.com/emergenzeHack/covid19italia_segnalazioni/issues/89,578924993,2020-03-11 12:17:57,2020-03-10 23:50:08,Raccolta fondi Fondazione Arca per servizi alle persone senza dimora ,,,"[""Raccolte fondi"", ""accettato""]",,,"{""chi"": ""Fondazione Arca"", ""comune"": ""Tutta Italia"", ""contatti"": """", ""descrizione"": ""Raccolta fondi per dotare di dispositivi e materiali protettivi gli operatori dei servizi alle persone senza dimora."", ""destinatari"": ""Operatori servizi persone senza dimora "", ""fonte"": ""https://www.facebook.com/donate/543942392915387/"", ""provincia"": """", ""regione"": """", ""tag"": ""Raccolta fondi""}","<pre><yamldata>chi: Fondazione Arca
comune: Tutta Italia
contatti: ''
descrizione: Raccolta fondi per dotare di dispositivi e materiali protettivi gli operatori dei servizi alle persone senza dimora.
destinatari: 'Operatori servizi persone senza dimora '
fonte: https://www.facebook.com/donate/543942392915387/
provincia: ''
regione: ''
tag: Raccolta fondi
</yamldata></pre>",open
https://github.com/emergenzeHack/covid19italia_segnalazioni/issues/88,578924989,2020-03-11 12:19:21,2020-03-10 23:50:07,Raccolta Fondi online per sostenere Ospedale di #LameziaTerme,,,"[""Raccolte fondi"", ""accettato""]",,,"{""chi"": ""Vincenzo Bernardi"", ""comune"": ""Lamezia Terme"", ""contatti"": """", ""descrizione"": ""Raccolta Fondi online per sostenere Ospedale di Lamezia Terme"", ""destinatari"": ""\u2018tutti\u2019"", ""fonte"": ""https://www.gofundme.com/f/raccolta-fondi-covid19-ospedale-di-lamezia-terme?fbclid=IwAR2gUvAXo5xe0FnNGEPc8_FOx3xiDHC18QPA0RCiYt53TZyiZ8hqYHT4tMk"", ""provincia"": ""Cosenza"", ""regione"": ""Calabria"", ""tag"": ""Raccolta fondi""}","<pre><yamldata>chi: Vincenzo Bernardi
comune: Lamezia Terme
contatti: ''
descrizione: Raccolta Fondi online per sostenere Ospedale di Lamezia Terme
destinatari: ‘tutti’
fonte: https://www.gofundme.com/f/raccolta-fondi-covid19-ospedale-di-lamezia-terme?fbclid=IwAR2gUvAXo5xe0FnNGEPc8_FOx3xiDHC18QPA0RCiYt53TZyiZ8hqYHT4tMk
provincia: Cosenza
regione: Calabria
tag: Raccolta fondi
</yamldata></pre>",open
https://github.com/emergenzeHack/covid19italia_segnalazioni/issues/87,578924984,2020-03-11 12:21:35,2020-03-10 23:50:06,Raccolta fondi online per sostenere Azienda Ospedaliera #Catanzaro,,,"[""Raccolte fondi"", ""accettato""]",,,"{""chi"": ""Club Service Catanzaro"", ""comune"": ""Catanzaro"", ""contatti"": """", ""descrizione"": ""Raccolta Fondi per sostenere Azienda Ospedaliera \\u201CPugliese-Ciaccio\\u201D"", ""destinatari"": ""tutti"", ""fonte"": ""https://www.gofundme.com/f/emergenza-covid19-aiutiamo-il-puglieseciaccio?utm_source=customer&utm_medium=copy_link-tip&utm_campaign=p_cp+share-sheet&fbclid=IwAR1expolR3-WdZT3pG7XCrJVH401W8bcGI8unHh9b_X1Zv63PmufHsRac8A"", ""provincia"": ""Catanzaro"", ""regione"": ""Calabria"", ""tag"": ""Raccolta fondi""}","<pre><yamldata>chi: Club Service Catanzaro
comune: Catanzaro
contatti: ''
descrizione: Raccolta Fondi per sostenere Azienda Ospedaliera \u201CPugliese-Ciaccio\u201D
destinatari: ""tutti""
fonte: https://www.gofundme.com/f/emergenza-covid19-aiutiamo-il-puglieseciaccio?utm_source=customer&utm_medium=copy_link-tip&utm_campaign=p_cp+share-sheet&fbclid=IwAR1expolR3-WdZT3pG7XCrJVH401W8bcGI8unHh9b_X1Zv63PmufHsRac8A
provincia: Catanzaro
regione: Calabria
tag: Raccolta fondi
</yamldata></pre>",open
https://github.com/emergenzeHack/covid19italia_segnalazioni/issues/86,578924978,2020-03-11 12:23:07,2020-03-10 23:50:05,Raccolta fondi online per sostenere Città della Salute di #Torino,,,"[""Raccolte fondi"", ""accettato""]",,,"{""chi"": ""Francesco Pecco Bagnaia"", ""comune"": ""Chivasso"", ""contatti"": """", ""descrizione"": ""Raccolta fondi per sostenere Citt\\xE0 della Salute di Torino"", ""destinatari"": ""tutti"", ""fonte"": ""https://www.gofundme.com/f/exfz34-insieme-contro-il-virus?utm_source=customer&utm_medium=copy_link-tip&utm_campaign=p_cp+share-sheet"", ""provincia"": ""Torino"", ""regione"": ""Piemonte"", ""tag"": ""Raccolta fondi""}","<pre><yamldata>chi: Francesco Pecco Bagnaia
comune: Chivasso
contatti: ''
descrizione: Raccolta fondi per sostenere Citt\xE0 della Salute di Torino
destinatari: ""tutti""
fonte: https://www.gofundme.com/f/exfz34-insieme-contro-il-virus?utm_source=customer&utm_medium=copy_link-tip&utm_campaign=p_cp+share-sheet
provincia: Torino
regione: Piemonte
tag: Raccolta fondi
</yamldata></pre>",open
https://github.com/emergenzeHack/covid19italia_segnalazioni/issues/85,578924968,2020-03-11 12:26:39,2020-03-10 23:50:04,Raccolta fondi online Comunità di Sant’Egidio per persone senza dimora e anziani in difficoltà,,,"[""Raccolte fondi"", ""accettato""]",,,"{""chi"": ""Comunit\u00e0 di Sant'Egidio"", ""comune"": ""Roma"", ""contatti"": """", ""descrizione"": ""Raccolta fondi online per offrire generi utili, come alimentari, gel igienizzanti e fazzoletti di carta a senzatetto e anziani soli."", ""destinatari"": ""persone senza dimora, anziani"", ""fonte"": ""https://www.facebook.com/donate/503579490301582/10221812290241438/"", ""provincia"": ""Roma"", ""regione"": ""Lazio"", ""tag"": ""Raccolta fondi""}","<pre><yamldata>chi: ""Comunit\xE0 di Sant'Egidio""
comune: Roma
contatti: ''
descrizione: Raccolta fondi online per offrire generi utili, come alimentari, gel igienizzanti e fazzoletti di carta a senzatetto e anziani soli.
destinatari: ""persone senza dimora, anziani""
fonte: https://www.facebook.com/donate/503579490301582/10221812290241438/
provincia: Roma
regione: Lazio
tag: Raccolta fondi
</yamldata></pre>",open
https://github.com/emergenzeHack/covid19italia_segnalazioni/issues/84,578924963,2020-03-10 23:56:50,2020-03-10 23:50:03,donazione per l'ospedale di Bergamo,,,"[""Raccolte fondi"", ""accettato""]",,,"{""chi"": ""tifosi dell'Atalanta"", ""comune"": ""Bergamo"", ""contatti"": """", ""descrizione"": ""donazione per l'ospedale di Bergamo"", ""destinatari"": """", ""fonte"": ""https://www.inews24.it/2020/03/10/atalanta-solidarieta-tifosi-coronavirus-ospedale-bergamo/"", ""provincia"": ""Bergamo"", ""regione"": ""Lombardia"", ""tag"": ""Raccolta fondi""}","<pre><yamldata>chi: tifosi dell'Atalanta
comune: Bergamo
contatti: ''
descrizione: donazione per l'ospedale di Bergamo
destinatari: ''
fonte: https://www.inews24.it/2020/03/10/atalanta-solidarieta-tifosi-coronavirus-ospedale-bergamo/
provincia: Bergamo
regione: Lombardia
tag: Raccolta fondi
</yamldata></pre>",open
https://github.com/emergenzeHack/covid19italia_segnalazioni/issues/83,578924958,2020-03-10 23:56:50,2020-03-10 23:50:02,potenziamento terapia intensiva,,,"[""Raccolte fondi"", ""accettato""]",,,"{""chi"": ""privata cittadina in collaborazione con azienda ospedaliera"", ""comune"": ""Ancona"", ""contatti"": """", ""descrizione"": ""potenziamento terapia intensiva"", ""destinatari"": ""Azienda Ospedali Riuniti di Torrette"", ""fonte"": ""https://www.gofundme.com/f/donazione-per-ospedale-torrette?utm_source=customer&utm_medium=copy_link&utm_campaign=m_pd+share-sheet"", ""provincia"": ""Ancona"", ""regione"": ""Marche"", ""tag"": ""Raccolta fondi""}","<pre><yamldata>chi: privata cittadina in collaborazione con azienda ospedaliera
comune: Ancona
contatti: ''
descrizione: potenziamento terapia intensiva
destinatari: Azienda Ospedali Riuniti di Torrette
fonte: https://www.gofundme.com/f/donazione-per-ospedale-torrette?utm_source=customer&utm_medium=copy_link&utm_campaign=m_pd+share-sheet
provincia: Ancona
regione: Marche
tag: Raccolta fondi
</yamldata></pre>",open
https://github.com/emergenzeHack/covid19italia_segnalazioni/issues/82,578924952,2020-03-10 23:56:50,2020-03-10 23:50:01,potenziamento attrezzature,,,"[""Raccolte fondi"", ""accettato""]",,,"{""chi"": ""ImpAct Associazione Culturale"", ""comune"": ""Jesi"", ""contatti"": """", ""descrizione"": ""potenziamento attrezzature"", ""destinatari"": ""Ospedale Carlo Urbani"", ""fonte"": ""https://it-it.facebook.com/associazioneimpact/"", ""provincia"": ""Ancona"", ""regione"": ""Marche"", ""tag"": ""Raccolta fondi""}","<pre><yamldata>chi: ImpAct Associazione Culturale
comune: Jesi
contatti: ''
descrizione: potenziamento attrezzature
destinatari: Ospedale Carlo Urbani
fonte: https://it-it.facebook.com/associazioneimpact/
provincia: Ancona
regione: Marche
tag: Raccolta fondi
</yamldata></pre>",open
https://github.com/emergenzeHack/covid19italia_segnalazioni/issues/81,578924939,2020-03-10 23:56:49,2020-03-10 23:49:59,potenziare i quantitativi di ventilatori polmonari e monitor multi parametrici.,,,"[""Raccolte fondi"", ""accettato""]",,,"{""chi"": ""Barbara Palazzi"", ""comune"": """", ""contatti"": """", ""descrizione"": ""potenziare i quantitativi di ventilatori polmonari e monitor multi parametrici."", ""destinatari"": ""ospedali Puglia"", ""fonte"": ""https://www.gofundme.com/f/tztxv-rafforziamo-la-terapia-intensiva-a-bari?utm_source=facebook&utm_medium=social&utm_campaign=m_pd+share-sheet&fbclid=IwAR0HdYdw3_wA_a79mIxkgPdQShyluXmdyMFzV2KKkyhJPA69M97tsiw9oY4"", ""provincia"": """", ""regione"": ""Puglia"", ""tag"": ""Raccolta fondi""}","<pre><yamldata>chi: Barbara Palazzi
comune: ''
contatti: ''
descrizione: potenziare i quantitativi di ventilatori polmonari e monitor multi parametrici.
destinatari: ospedali Puglia
fonte: https://www.gofundme.com/f/tztxv-rafforziamo-la-terapia-intensiva-a-bari?utm_source=facebook&utm_medium=social&utm_campaign=m_pd+share-sheet&fbclid=IwAR0HdYdw3_wA_a79mIxkgPdQShyluXmdyMFzV2KKkyhJPA69M97tsiw9oY4
provincia: ''
regione: Puglia
tag: Raccolta fondi
</yamldata></pre>",open
https://github.com/emergenzeHack/covid19italia_segnalazioni/issues/80,578924934,2020-03-10 23:56:49,2020-03-10 23:49:59,acquisto di materiale di protezione per i volontari,,,"[""Raccolte fondi"", ""accettato""]",,,"{""chi"": ""Croce Rossa Monza"", ""comune"": ""Monza"", ""contatti"": """", ""descrizione"": ""acquisto di materiale di protezione per i volontari"", ""destinatari"": ""tutt"", ""fonte"": ""https://www.gofundme.com/f/yqppre-cri-monza-coronavirus-2019"", ""provincia"": ""Monza"", ""regione"": ""Lombardia"", ""tag"": ""Raccolta fondi""}","<pre><yamldata>chi: Croce Rossa Monza
comune: Monza
contatti: ''
descrizione: acquisto di materiale di protezione per i volontari
destinatari: tutt
fonte: https://www.gofundme.com/f/yqppre-cri-monza-coronavirus-2019
provincia: Monza
regione: Lombardia
tag: Raccolta fondi
</yamldata></pre>",open
https://github.com/emergenzeHack/covid19italia_segnalazioni/issues/79,578924929,2020-03-10 23:56:48,2020-03-10 23:49:58,Raccolta fondi per Ospedali bresciani,,,"[""Raccolte fondi"", ""accettato""]",,,"{""chi"": ""Fondazione Comunita Bresciana Onlus"", ""comune"": ""Brescia"", ""contatti"": """", ""descrizione"": ""Raccolta fondi per Ospedali bresciani"", ""destinatari"": ""ospedali di Brescia"", ""fonte"": ""https://www.giornaledibrescia.it/brescia-e-hinterland/aiutiamobrescia-la-raccolta-fondi-per-gli-ospedali-bresciani-1.3465790?fbclid=IwAR0nAj44EoQXlyk9Cf22_L0wBojOPTtlOgizEHPZsVBp1JPNrAbMHuoGVRw"", ""provincia"": ""Brescia"", ""regione"": ""Lombardia"", ""tag"": ""Raccolta fondi""}","<pre><yamldata>chi: Fondazione Comunita Bresciana Onlus
comune: Brescia
contatti: ''
descrizione: Raccolta fondi per Ospedali bresciani
destinatari: ospedali di Brescia
fonte: https://www.giornaledibrescia.it/brescia-e-hinterland/aiutiamobrescia-la-raccolta-fondi-per-gli-ospedali-bresciani-1.3465790?fbclid=IwAR0nAj44EoQXlyk9Cf22_L0wBojOPTtlOgizEHPZsVBp1JPNrAbMHuoGVRw
provincia: Brescia
regione: Lombardia
tag: Raccolta fondi
</yamldata></pre>",open
https://github.com/emergenzeHack/covid19italia_segnalazioni/issues/78,578924921,2020-03-10 23:56:48,2020-03-10 23:49:57,"Raccolta fondi per acquisto di materiale di protezione individuale (mascherine FFP2/3, disinfettanti, tute protettive, guanti e occhiali) e altri presidi di tipo essenziale per l'implementazione dei protocolli d'emergenza.",,,"[""Raccolte fondi"", ""accettato""]",,,"{""chi"": ""Associazione Volontaria Croce Casalese e Paesi Limitrofi"", ""comune"": ""Lodi"", ""contatti"": """", ""descrizione"": ""Raccolta fondi per acquisto di materiale di protezione individuale (mascherine FFP2/3, disinfettanti, tute protettive, guanti e occhiali) e altri presidi di tipo essenziale per l'implementazione dei protocolli d'emergenza."", ""destinatari"": ""residenti prov. Lodi"", ""fonte"": ""https://www.gofundme.com/f/vqmkx9-aiutaci-ad-aiutare?fbclid=IwAR2_nOU3wD4aWialN-fGVF8MfSpZG-iSFUYiQqMjgZU3NogavzdOP0nhzBY"", ""provincia"": ""Lodi"", ""regione"": ""Lombardia"", ""tag"": ""Raccolta fondi""}","<pre><yamldata>chi: Associazione Volontaria Croce Casalese e Paesi Limitrofi
comune: Lodi
contatti: ''
descrizione: Raccolta fondi per acquisto di materiale di protezione individuale (mascherine
  FFP2/3, disinfettanti, tute protettive, guanti e occhiali) e altri presidi di tipo
  essenziale per l'implementazione dei protocolli d'emergenza.
destinatari: residenti prov. Lodi
fonte: https://www.gofundme.com/f/vqmkx9-aiutaci-ad-aiutare?fbclid=IwAR2_nOU3wD4aWialN-fGVF8MfSpZG-iSFUYiQqMjgZU3NogavzdOP0nhzBY
provincia: Lodi
regione: Lombardia
tag: Raccolta fondi
</yamldata></pre>",open
https://github.com/emergenzeHack/covid19italia_segnalazioni/issues/77,578924918,2020-03-10 23:56:47,2020-03-10 23:49:56,Raccolta per Azienda Ospedaliera di Cosenza per l’acquisto di materiale medico e/o sanitario,,,"[""Raccolte fondi"", ""accettato""]",,,"{""chi"": ""Alfredo Taranto"", ""comune"": ""Cosenza"", ""contatti"": """", ""descrizione"": ""Raccolta per Azienda Ospedaliera di Cosenza per l\u2019acquisto di materiale medico e/o sanitario"", ""destinatari"": ""Annunziata di Cosenza"", ""fonte"": ""https://www.gofundme.com/f/calabria-anticovid"", ""provincia"": ""Cosenza"", ""regione"": ""Calabria"", ""tag"": ""Raccolta fondi""}","<pre><yamldata>chi: Alfredo Taranto
comune: Cosenza
contatti: ''
descrizione: ""Raccolta per Azienda Ospedaliera di Cosenza per l\u2019acquisto di materiale\
  \ medico e/o sanitario""
destinatari: Annunziata di Cosenza
fonte: https://www.gofundme.com/f/calabria-anticovid
provincia: Cosenza
regione: Calabria
tag: Raccolta fondi
</yamldata></pre>",open
https://github.com/emergenzeHack/covid19italia_segnalazioni/issues/76,578924916,2020-03-10 23:56:47,2020-03-10 23:49:56,Donazione Osp. SantÓrsola-Malpighi,,,"[""Raccolte fondi"", ""accettato""]",,,"{""chi"": ""Ospedale Sant\u00b4Orsola"", ""comune"": ""Bologna"", ""contatti"": """", ""descrizione"": ""Donazione Osp. Sant\u00d3rsola-Malpighi"", ""destinatari"": ""Ospedale Sant\u00b4Orsola"", ""fonte"": ""https://www.aosp.bo.it/content/fai-una-donazione?fbclid=IwAR2pTgWfhpFiOxEOTJEbbXWSisYdNrgoK9nOAHBImYSPmR1qG3iADLltu3s"", ""provincia"": ""Bologna"", ""regione"": ""Emilia Romagna"", ""tag"": ""Raccolta fondi""}","<pre><yamldata>chi: ""Ospedale Sant\xB4Orsola""
comune: Bologna
contatti: ''
descrizione: ""Donazione Osp. Sant\xD3rsola-Malpighi""
destinatari: ""Ospedale Sant\xB4Orsola""
fonte: https://www.aosp.bo.it/content/fai-una-donazione?fbclid=IwAR2pTgWfhpFiOxEOTJEbbXWSisYdNrgoK9nOAHBImYSPmR1qG3iADLltu3s
provincia: Bologna
regione: Emilia Romagna
tag: Raccolta fondi
</yamldata></pre>",open
https://github.com/emergenzeHack/covid19italia_segnalazioni/issues/75,578924911,2020-03-10 23:56:47,2020-03-10 23:49:55,#iorestoacasa: acquisto di altri presidi ospedalieri utili a supportare il lavoro di tutte le strutture sanitarie in Italia. ,,,"[""Raccolte fondi"", ""accettato""]",,,"{""chi"": ""Save The Planet Onlus"", ""comune"": ""Italia"", ""contatti"": """", ""descrizione"": ""#iorestoacasa: acquisto di altri presidi ospedalieri utili a supportare il lavoro di tutte le strutture sanitarie in Italia. "", ""destinatari"": ""Protezione Civile"", ""fonte"": ""https://iorestoacasa.com/index.html?fbclid=IwAR3Ig4Q3J_y-FM8YggN5RwhkxFfpwEqwDf8kkUOP8_6gJiv23kWF-fYv3GE"", ""provincia"": ""Italia"", ""regione"": ""Italia"", ""tag"": ""Raccolta fondi""}","<pre><yamldata>chi: Save The Planet Onlus
comune: Italia
contatti: ''
descrizione: '#iorestoacasa: acquisto di altri presidi ospedalieri utili a supportare
  il lavoro di tutte le strutture sanitarie in Italia. '
destinatari: Protezione Civile
fonte: https://iorestoacasa.com/index.html?fbclid=IwAR3Ig4Q3J_y-FM8YggN5RwhkxFfpwEqwDf8kkUOP8_6gJiv23kWF-fYv3GE
provincia: Italia
regione: Italia
tag: Raccolta fondi
</yamldata></pre>",open
